openai/gpt-4.1-mini,100,0.2,"Battery dead and cannot be charged, what happened","The battery might be permanently damaged or faulty, resulting in it not holding a charge. Possible causes include battery degradation over time, exposure to extreme temperatures, internal short circuits, or charger/charging port issues.",2025-11-03T13:34:55.245Z,83,142,225,0.00009765,3058
openai/gpt-4.1-mini,100,0.2,Battery dead and cannot be charged,"If your battery is dead and cannot be charged, first try using a different charger or charging cable to rule out a faulty charger. Check the charging port for any debris or damage. If the problem persists, the battery or the device's charging circuitry might be faulty and may need professional repair or replacement.",2025-11-03T13:35:43.659Z,80,130,210,0.00008999999999999999,3002
openai/gpt-4.1-mini,200,0.2,Battery dead and cannot be charged,"If your battery is dead and cannot be charged, the issue may be due to a faulty battery, charger, charging port, or power source. First, try using a different charger and power outlet to rule out those possibilities. If the battery is removable, try reseating it or testing with a new battery. If the device still does not charge, it may require professional repair or battery replacement.",2025-11-03T13:36:59.701Z,80,158,238,0.0001068,3774
openai/gpt-4.1-mini,200,0.5,Battery dead and cannot be charged,"If your battery is dead and cannot be charged, the issue could be due to a faulty battery, charger, charging port, or internal hardware problems. First, try using a different charger and cable to rule out charger issues. If the battery is removable, try reseating or replacing it. If these steps don't work, the battery may need to be replaced or the device checked by a technician.",2025-11-03T13:46:25.387Z,80,156,236,0.00010559999999999999,3302
openai/gpt-4.1-mini,200,0.5,I got a payment failure,"A payment failure can occur due to various reasons such as insufficient funds, incorrect payment details, network issues, or declined transactions by the bank. To resolve this, first verify your payment information and check your bank account balance. If everything seems correct, try the transaction again or contact your bank to understand if there are any holds or restrictions on your account.",2025-11-03T13:48:21.442Z,79,135,214,0.00009285,3421
openai/gpt-4.1-mini,100,0.2,I got a payment failure,"A payment failure can occur due to various reasons such as insufficient funds, incorrect payment details, or connectivity issues with the payment gateway.",2025-11-03T13:48:50.974Z,79,128,207,0.00008865,2403
openai/gpt-5-mini,100,0.2,I got a payment failure,"Sorry you're seeing a payment failure — that can be caused by several common issues (insufficient funds, card expiry, billing info mismatch, bank decline, temporary gateway outage, 3D Secure/OTP not completed). I can help troubleshoot, but I need a couple of details: which service or merchant were you paying, the exact error message shown (or a screenshot), and the time of the attempt. Do NOT share full card numbers or CVV — you can share the card’s last 4 digits and any transaction ID if available.",2025-11-03T13:49:13.591Z,78,875,953,0.0005367,16450
openai/gpt-5-mini,100,0.5,I got a payment failure,"Sorry you ran into a payment failure. Common causes are expired card, incorrect card details or billing address, insufficient funds, a bank block or 3D Secure/OTP step that wasn’t completed, temporary gateway issues, or a typing/network error. Try the troubleshooting steps below and, if those don’t work, contact your bank or the merchant with the transaction reference shown in the app or email.",2025-11-03T13:50:44.505Z,78,610,688,0.0003777,11763
openai/gpt-5-mini,100,0.5,"I don't know what happened, can you guess?","I don’t have enough information to know what happened. It could be many things (a technical problem like a crashed app or network outage, a security issue like an account compromise, an unexpected personal event or misunderstanding, a health/safety incident, or an environmental/utility problem). I can’t accurately guess which without details, but I can help narrow it down if you tell me what you were doing, what you first noticed, when it began, and any messages, images, or unusual behavior you saw.",2025-11-03T14:06:15.116Z,83,557,640,0.00034665,15714
openai/gpt-4.1-mini,100,0.2,"I don't know what happened, can you guess?",I'm unable to determine what happened without more information. Please provide details about the situation or context so I can assist you better.,2025-11-03T14:06:41.507Z,84,86,170,0.0000642,2731
openai/gpt-4.1-mini,100,0.2,"I don't know what happened, can you guess?",I'm unable to determine what happened based on the information provided.,2025-11-03T14:24:28.482Z,204,54,258,0.000063,2672
openai/gpt-4.1-mini,100,0.2,I got a payment failure,"A payment failure can occur due to various reasons such as insufficient funds, incorrect payment details, or connectivity issues.",2025-11-03T14:24:39.734Z,199,97,296,0.00008805,2802
openai/gpt-4.1-mini,50,0.2,I got a payment failure,"A payment failure can occur due to various reasons such as insufficient funds, incorrect payment details, or issues with the payment gateway.",2025-11-03T14:59:10.713Z,199,112,311,0.00009704999999999999,2176
openai/gpt-4.1-mini,150,0.2,I got a payment failure,"A payment failure can occur due to various reasons such as insufficient funds, incorrect payment details, or network issues.",2025-11-03T15:05:34.403Z,199,84,283,0.00008025,2418
